Ano,Distrito,Num_IncendiosRurais,AreaArdPov_NoDistrito,AreaArdMato_NoDistrito,AreaArdAgric_NoDistrito,AreaArdTotal_NoDistrito,AreaArdPov_IncendioInicioDist,AreaArdMato_IncendioInicioDist,AreaArdAgric_IncendioInicioDist,AreaArdTotal_IncendioInicioDist,NIncRur_0_1ha,NIncRur_1_10ha,NIncRur_10_20ha,NIncRur_20_50ha,NIncRur_50_100ha,NIncRur_100_500ha,NIncRur_500_1000ha,NIncRur_1000_n_ha,NInc_Natural,NInc_Negligente,NInc_Intencionais,NInc_Reacendimentos,NInc_Desconhecida,NInc_NaoInvestigados,Ninc_Sup24h
2001,AVEIRO,1987,,,,,957,605,3,1565,1821,146,8,4,5,3,0,0,0,15,13,36,6,1917,2
2001,BEJA,121,,,,,1297,641,247,2185,41,43,12,12,7,6,0,0,0,4,2,1,21,93,0
2001,BRAGA,4245,,,,,1816,3229,104,5149,3241,932,35,24,8,5,0,0,0,12,15,2,8,4208,6
2001,BRAGAN큐,1479,,,,,3453,10541,857,14851,702,665,26,41,19,21,2,3,8,86,22,113,7,1243,16
2001,CASTELO BRANCO,577,,,,,6451,5814,0,12265,378,160,5,14,6,8,2,4,9,8,8,27,25,500,19
2001,COIMBRA,832,,,,,4248,3440,84,7772,729,88,2,5,3,1,1,3,3,55,93,28,20,633,5
2001,텠ORA,53,,,,,1487,111,706,2304,25,11,3,6,3,4,0,1,0,6,1,0,3,43,0
2001,FARO,215,,,,,1633,1546,115,3293,147,54,6,1,2,3,0,2,2,0,3,6,12,192,5
2001,GUARDA,1744,,,,,5725,17640,1525,24890,944,602,58,53,39,38,5,5,5,4,13,79,9,1634,15
2001,LEIRIA,864,,,,,804,672,41,1517,732,112,10,3,3,4,0,0,0,22,40,39,12,751,2
2001,LISBOA,2608,,,,,327,1025,279,1631,2162,432,7,4,2,1,0,0,1,5,4,42,4,2552,3
2001,PORTALEGRE,89,,,,,2301,159,458,2918,49,23,4,6,2,3,1,1,0,4,0,2,3,80,0
2001,PORTO,5982,,,,,2592,2750,31,5374,5113,777,51,30,7,4,0,0,0,2,8,2,3,5967,15
2001,SANTAR텘,1001,,,,,1680,332,124,2136,809,172,12,3,3,1,1,0,0,13,46,48,4,890,14
2001,SET２AL,646,,,,,1016,112,310,1438,544,90,3,5,1,3,0,0,0,6,3,4,3,630,2
2001,VIANA DO CASTELO,1688,,,,,2357,2221,24,4601,1104,523,25,22,7,6,1,0,0,16,18,23,11,1620,7
2001,VILA REAL,2403,,,,,4583,7535,193,12311,1516,726,62,47,28,23,0,1,6,98,118,512,39,1630,13
2001,VISEU,2381,,,,,2891,8265,63,11219,1714,591,19,21,18,14,1,3,4,35,68,195,18,2061,9
2002,AVEIRO,2365,,,,,1352,706,11,2069,2106,234,7,9,6,3,0,0,2,13,19,102,1,2228,5
2002,BEJA,103,,,,,976,376,802,2154,41,36,7,9,5,5,0,0,0,7,3,5,17,71,2
2002,BRAGA,4246,,,,,2183,3075,61,5319,3305,880,28,14,14,5,0,0,0,16,25,18,9,4178,7
2002,BRAGAN큐,998,,,,,2744,8900,579,12223,556,368,18,19,11,21,3,2,2,55,19,131,14,777,15
2002,CASTELO BRANCO,826,,,,,15231,2823,370,18424,592,184,8,10,12,13,2,5,0,14,8,35,32,737,22
2002,COIMBRA,701,,,,,4629,1429,102,6160,607,68,6,9,1,7,1,2,1,34,62,77,5,522,8
2002,텠ORA,76,,,,,2367,473,1284,4125,33,21,5,5,4,6,2,0,0,9,0,0,12,55,3
2002,FARO,274,,,,,567,1164,102,1833,196,58,5,6,3,6,0,0,0,10,8,22,11,223,10
2002,GUARDA,1293,,,,,3337,9917,1122,14376,650,521,29,35,26,28,2,2,0,61,16,67,32,1117,24
2002,LEIRIA,877,,,,,1388,1138,49,2575,774,91,4,0,4,2,2,0,1,14,14,94,3,751,7
2002,LISBOA,2445,,,,,598,1023,179,1800,2046,382,6,6,4,1,0,0,0,2,1,79,11,2352,3
2002,PORTALEGRE,75,,,,,388,303,4,695,38,29,2,3,2,1,0,0,0,1,2,0,4,68,1
2002,PORTO,6453,,,,,2873,2159,74,5106,5513,880,32,17,7,4,0,0,0,8,3,32,1,6409,3
2002,SANTAR텘,1013,,,,,5024,1736,808,7568,792,164,14,16,10,12,4,1,0,8,25,133,17,830,21
2002,SET２AL,786,,,,,1407,111,150,1668,626,143,6,3,5,3,0,0,0,6,0,3,10,767,4
2002,VIANA DO CASTELO,2101,,,,,3753,6085,167,10006,1190,759,79,39,17,16,0,1,1,31,26,64,3,1976,11
2002,VILA REAL,2344,,,,,11072,8913,355,20339,1553,666,28,39,24,25,6,3,4,97,93,481,19,1650,22
2002,VISEU,2017,,,,,5278,8990,141,14409,1490,436,25,23,16,17,8,2,1,28,70,282,20,1616,28
2003,AVEIRO,1653,,,,,536,263,8,807,1512,126,8,5,2,0,0,0,0,7,11,93,3,1539,0
2003,BEJA,113,,,,,11125,4256,2099,17481,50,25,10,6,4,12,5,1,3,17,4,0,24,65,10
2003,BRAGA,4715,,,,,1396,2300,26,3721,3985,692,16,10,8,4,0,0,1,26,12,44,3,4629,2
2003,BRAGAN큐,759,,,,,3503,11588,1196,16287,444,229,29,23,15,12,1,6,14,82,41,95,8,519,11
2003,CASTELO BRANCO,801,,,,,80455,9798,8191,98443,556,198,6,4,6,10,4,17,3,57,4,16,33,688,27
2003,COIMBRA,564,,,,,2571,332,51,2953,499,54,3,3,2,2,0,1,3,40,31,40,6,444,7
2003,텠ORA,69,,,,,9286,492,1647,11425,24,22,4,2,3,10,0,4,4,6,2,0,15,42,2
2003,FARO,233,,,,,32515,24673,4474,61662,150,55,7,2,4,5,3,7,0,16,7,5,11,194,17
2003,GUARDA,1306,,,,,15177,31327,7462,53966,623,539,36,27,21,36,10,14,5,43,53,31,39,1135,35
2003,LEIRIA,875,,,,,6334,3241,16,9591,740,114,3,7,3,2,3,3,0,15,43,118,14,685,11
2003,LISBOA,2418,,,,,6074,3664,78,9816,1952,438,9,6,3,5,2,3,1,3,11,57,12,2334,7
2003,PORTALEGRE,104,,,,,46135,23213,15604,84951,46,25,4,6,5,7,1,10,4,9,2,5,6,78,12
2003,PORTO,8249,,,,,4937,3009,60,8006,7336,820,49,27,7,8,2,0,1,9,11,24,1,8203,7
2003,SANTAR텘,1029,,,,,53283,13657,4025,70964,769,176,14,21,11,17,9,12,8,22,29,97,25,848,25
2003,SET２AL,665,,,,,7910,145,708,8762,545,100,5,3,4,3,2,3,6,7,2,0,18,632,6
2003,VIANA DO CASTELO,1008,,,,,872,622,12,1506,774,204,21,6,2,1,0,0,0,22,21,35,2,928,0
2003,VILA REAL,1450,,,,,1649,3328,146,5123,985,415,11,20,10,7,2,0,24,105,91,220,3,1007,7
2003,VISEU,2076,,,,,2299,3820,166,6285,1557,467,12,21,7,10,1,1,0,36,61,218,7,1754,11
2004,AVEIRO,2326,,,,,2410,382,65,2857,2142,158,13,7,4,0,1,1,0,17,26,151,6,2126,7
2004,BEJA,187,,,,,6587,6076,3148,15810,87,58,13,10,4,10,2,3,2,17,2,5,21,140,5
2004,BRAGA,3809,,,,,1158,2157,47,3362,3115,640,26,19,8,1,0,0,0,15,13,16,5,3760,4
2004,BRAGAN큐,864,,,,,1809,7874,187,9870,472,325,20,15,12,16,3,1,5,63,25,44,10,717,9
2004,CASTELO BRANCO,678,,,,,6809,905,1207,8920,476,166,8,11,5,7,2,3,4,37,5,26,50,556,15
2004,COIMBRA,487,,,,,445,86,5,537,416,63,1,5,1,1,0,0,0,15,24,16,17,415,1
2004,텠ORA,445,,,,,3366,399,2144,5909,317,96,11,9,7,2,0,3,0,4,0,0,12,429,5
2004,FARO,274,,,,,17839,12834,9509,40182,180,65,9,3,2,4,1,10,0,16,13,3,26,216,16
2004,GUARDA,953,,,,,1806,11305,1399,14511,496,367,25,22,15,21,3,4,1,33,11,57,12,839,9
2004,LEIRIA,1049,,,,,461,1042,86,1589,899,133,5,6,4,1,1,0,0,13,30,35,59,912,2
2004,LISBOA,3244,,,,,406,1430,220,2056,2711,513,10,5,3,2,0,0,0,0,0,5,0,3239,2
2004,PORTALEGRE,265,,,,,446,114,304,863,175,74,7,5,2,2,0,0,0,0,1,3,1,260,4
2004,PORTO,4861,,,,,2355,4220,29,6604,4253,533,33,18,13,9,2,0,0,2,1,0,1,4857,19
2004,SANTAR텘,1450,,,,,3141,2328,2347,7816,1163,234,13,16,9,11,3,1,0,18,50,100,13,1269,9
2004,SET２AL,1390,,,,,1606,874,448,2927,1178,183,12,11,2,3,1,0,0,10,4,2,14,1360,4
2004,VIANA DO CASTELO,1657,,,,,1403,2033,26,3462,1240,357,24,22,9,5,0,0,0,36,42,235,9,1335,2
2004,VILA REAL,1614,,,,,2583,11791,42,14416,1082,475,17,12,9,9,6,4,1,108,76,194,12,1223,18
2004,VISEU,2276,,,,,1643,7947,91,9681,1700,516,19,20,5,11,3,2,1,17,41,163,16,2038,14
2005,AVEIRO,5012,,,,,20821,1626,43,22490,4581,378,17,16,4,10,1,5,0,26,45,291,2,4648,20
2005,BEJA,116,,,,,1534,89,14,1637,59,43,6,1,2,5,0,0,0,7,0,2,17,90,8
2005,BRAGA,5283,,,,,7840,10094,49,17983,4115,981,57,56,39,31,3,1,0,9,30,33,23,5188,31
2005,BRAGAN큐,966,,,,,4321,8029,468,12818,558,339,14,13,13,22,6,1,0,29,29,23,4,881,28
2005,CASTELO BRANCO,1065,,,,,15231,4963,864,21059,819,196,7,10,3,20,4,6,0,12,8,63,48,934,28
2005,COIMBRA,1248,,,,,34622,13605,174,48400,1078,103,12,6,9,19,11,10,0,150,102,292,46,658,34
2005,텠ORA,351,,,,,1337,45,253,1635,262,78,6,1,2,1,1,0,0,1,0,0,6,344,4
2005,FARO,345,,,,,713,953,79,1745,256,77,2,1,5,3,1,0,0,4,2,4,12,323,9
2005,GUARDA,1461,,,,,12527,12776,681,25984,984,392,25,19,13,18,3,7,1,15,21,84,26,1314,28
2005,LEIRIA,1476,,,,,22967,3878,1166,28011,1237,169,12,17,8,19,6,8,0,62,111,234,105,964,34
2005,LISBOA,3273,,,,,578,1533,196,2307,2733,506,20,9,3,2,0,0,0,4,20,17,7,3225,5
2005,PORTALEGRE,440,,,,,1757,56,228,2041,353,77,2,3,2,1,2,0,0,0,0,5,0,435,5
2005,PORTO,8075,,,,,16787,8724,162,25672,6752,1089,84,75,34,29,10,2,0,0,0,0,0,8075,96
2005,SANTAR텘,1980,,,,,24631,4260,2685,31576,1650,268,10,18,9,10,8,7,0,12,47,54,11,1856,32
2005,SET２AL,1216,,,,,901,108,138,1147,1074,132,3,2,3,2,0,0,0,9,1,8,12,1186,5
2005,VIANA DO CASTELO,2597,,,,,15439,11629,22,27091,1939,533,40,27,20,24,10,4,0,17,36,407,1,2136,29
2005,VILA REAL,2601,,,,,15796,19869,150,35815,1597,859,36,48,24,27,5,5,2,81,99,84,29,2306,39
2005,VISEU,4184,,,,,16118,22921,265,39305,2958,1045,54,45,25,41,8,8,0,18,68,396,28,3674,76
2006,AVEIRO,1766,,,,,2132,257,9,2398,1651,97,5,5,3,4,1,0,0,13,3,14,376,1360,9
2006,BEJA,504,,,,,1436,428,2860,4724,348,120,13,7,11,2,2,1,0,27,2,0,65,410,5
2006,BRAGA,3142,,,,,4995,5273,34,10301,2548,500,22,42,12,15,2,1,2,8,42,8,66,3016,24
2006,BRAGAN큐,504,,,,,1218,1260,157,2635,329,148,8,9,2,8,0,0,5,8,9,0,27,455,13
2006,CASTELO BRANCO,687,,,,,1907,861,130,2898,566,103,4,6,1,6,1,0,2,4,0,6,36,639,11
2006,COIMBRA,869,,,,,550,391,41,982,763,96,7,1,0,2,0,0,3,15,16,1,101,733,4
2006,텠ORA,518,,,,,5241,805,1026,7073,420,58,13,17,6,2,1,1,2,52,8,6,76,374,7
2006,FARO,768,,,,,6,173,19,198,700,64,3,1,0,0,0,0,0,9,0,0,64,695,1
2006,GUARDA,805,,,,,1025,4602,255,5883,561,188,18,13,10,14,1,0,17,85,56,38,67,542,22
2006,LEIRIA,849,,,,,1121,3253,24,4398,770,66,3,6,0,3,0,1,7,25,5,18,362,432,11
2006,LISBOA,2050,,,,,89,600,44,734,1808,234,5,2,1,0,0,0,0,0,0,1,0,2049,4
2006,PORTALEGRE,421,,,,,1657,428,1382,3466,289,104,5,11,5,5,2,0,22,45,1,1,99,253,3
2006,PORTO,4785,,,,,4554,2453,62,7070,4265,460,26,20,6,4,3,1,0,1,2,10,14,4758,17
2006,SANTAR텘,1207,,,,,1532,1354,320,3206,1044,138,2,10,5,8,0,0,2,4,6,1,20,1174,12
2006,SET２AL,1400,,,,,625,179,770,1574,1275,109,6,5,2,2,1,0,0,6,7,2,15,1370,6
2006,VIANA DO CASTELO,1116,,,,,3800,11909,12,15721,750,306,15,17,8,12,6,2,0,3,4,35,25,1049,11
2006,VILA REAL,1233,,,,,1375,2532,69,3977,853,347,15,8,2,6,2,0,9,159,182,2,120,761,17
2006,VISEU,1619,,,,,3452,3010,7,6469,1342,237,10,9,10,9,1,1,12,38,38,161,271,1099,13
2007,AVEIRO,2207,,,,,295,163,17,475,2123,80,1,1,2,0,0,0,1,291,105,78,526,1206,4
2007,BEJA,475,,,,,600,1490,941,3031,344,101,18,4,5,1,2,0,0,43,18,0,52,362,4
2007,BRAGA,2809,,,,,1268,3549,20,4836,2322,405,34,28,13,7,0,0,0,145,280,197,947,1240,8
2007,BRAGAN큐,873,,,,,138,1397,25,1560,525,329,10,5,3,1,0,0,1,57,34,0,36,745,3
2007,CASTELO BRANCO,521,,,,,162,259,121,542,425,87,3,5,0,1,0,0,4,80,16,10,222,189,2
2007,COIMBRA,762,,,,,126,52,22,200,727,33,1,0,1,0,0,0,11,109,65,0,233,344,0
2007,텠ORA,399,,,,,670,34,422,1127,316,65,8,5,2,3,0,0,2,43,0,15,63,276,2
2007,FARO,683,,,,,3,255,13,272,622,58,0,2,1,0,0,0,2,50,4,0,73,554,2
2007,GUARDA,935,,,,,222,4144,233,4599,587,281,23,25,12,6,1,0,6,413,69,7,85,355,16
2007,LEIRIA,1184,,,,,299,2430,47,2776,1087,90,1,3,0,2,0,1,4,709,147,33,268,23,2
2007,LISBOA,2919,,,,,159,969,291,1419,2470,444,4,0,0,1,0,0,0,21,13,1,226,2658,1
2007,PORTALEGRE,394,,,,,790,107,983,1881,322,54,11,5,0,1,0,1,10,112,21,2,96,153,1
2007,PORTO,3636,,,,,632,787,12,1431,3298,322,12,2,1,1,0,0,0,2,0,7,231,3396,7
2007,SANTAR텘,1249,,,,,2024,952,568,3544,1108,134,3,2,0,1,0,1,8,99,56,0,368,718,1
2007,SET２AL,1345,,,,,641,401,130,1172,1210,118,10,5,0,2,0,0,1,22,1,0,15,1306,2
2007,VIANA DO CASTELO,1366,,,,,368,1599,19,1985,1020,307,16,17,5,1,0,0,4,282,215,30,25,810,5
2007,VILA REAL,1356,,,,,729,2495,19,3243,853,463,15,14,7,4,0,0,0,91,69,0,23,1173,7
2007,VISEU,2020,,,,,694,1625,2,2321,1605,387,10,13,2,3,0,0,9,634,311,185,803,78,5
2008,AVEIRO,1509,,,,,210,97,17,324,1441,64,2,1,1,0,0,0,0,348,73,101,911,76,3
2008,BEJA,451,,,,,97,22,602,721,340,92,9,9,1,0,0,0,1,40,11,7,48,344,2
2008,BRAGA,1186,,,,,321,1106,17,1445,933,229,14,7,0,3,0,0,2,131,212,37,366,438,2
2008,BRAGAN큐,798,,,,,353,2182,43,2578,515,229,26,18,7,3,0,0,3,154,58,5,86,492,8
2008,CASTELO BRANCO,773,,,,,768,1018,263,2048,659,98,3,6,3,4,0,0,2,94,15,12,565,85,29
2008,COIMBRA,807,,,,,386,230,12,628,769,33,2,0,2,1,0,0,0,180,77,1,540,9,8
2008,텠ORA,388,,,,,56,9,201,266,340,44,2,2,0,0,0,0,0,33,3,7,66,279,1
2008,FARO,531,,,,,109,191,5,305,487,41,1,0,1,1,0,0,1,30,5,0,41,454,7
2008,GUARDA,1036,,,,,713,2778,538,4029,629,354,22,18,9,3,1,0,9,647,92,16,195,77,25
2008,LEIRIA,919,,,,,83,177,26,285,848,69,1,0,1,0,0,0,0,579,66,24,245,5,3
2008,LISBOA,2292,,,,,446,847,182,1474,1933,345,9,2,2,1,0,0,0,16,8,2,149,2117,14
2008,PORTALEGRE,349,,,,,20,13,165,198,313,33,1,1,1,0,0,0,1,89,20,1,126,112,3
2008,PORTO,2421,,,,,197,376,6,579,2272,140,7,2,0,0,0,0,0,1,4,16,230,2170,4
2008,SANTAR텘,1023,,,,,509,335,227,1071,885,133,2,2,0,0,1,0,2,122,138,0,160,601,14
2008,SET２AL,1236,,,,,134,155,112,401,1137,92,3,4,0,0,0,0,0,30,0,0,50,1156,2
2008,VIANA DO CASTELO,691,,,,,454,356,1,811,567,113,3,5,2,1,0,0,3,242,287,50,94,15,1
2008,VILA REAL,1113,,,,,291,1302,10,1603,741,343,17,9,3,0,0,0,3,170,120,0,81,739,11
2008,VISEU,1435,,,,,313,817,0,1130,1174,251,2,5,2,1,0,0,1,584,381,40,414,15,2
2009,AVEIRO,2329,,,,,629,861,25,1515,2199,114,7,5,1,3,0,0,0,193,50,265,788,1033,16
2009,BEJA,405,,,,,238,645,495,1378,314,77,4,5,2,2,1,0,7,57,3,0,74,264,6
2009,BRAGA,3252,,,,,3004,8650,16,11670,2461,609,55,77,32,16,1,1,1,166,546,247,1035,1257,28
2009,BRAGAN큐,1094,,,,,1237,6891,71,8198,622,389,37,24,12,6,2,2,1,260,55,14,42,722,35
2009,CASTELO BRANCO,629,,,,,255,312,152,720,524,90,7,6,1,1,0,0,21,56,40,6,506,0,15
2009,COIMBRA,775,,,,,284,79,18,381,705,64,4,1,0,1,0,0,8,341,83,2,324,17,5
2009,텠ORA,318,,,,,38,5,206,249,270,44,1,2,1,0,0,0,5,71,0,5,112,125,0
2009,FARO,618,,,,,379,1362,54,1796,563,50,4,0,0,0,0,1,0,46,4,0,99,469,17
2009,GUARDA,1216,,,,,6453,12083,3618,22154,687,443,24,21,18,17,2,4,38,776,88,46,232,36,47
2009,LEIRIA,740,,,,,135,262,26,422,690,45,3,1,0,1,0,0,0,393,80,20,246,1,10
2009,LISBOA,1931,,,,,179,498,132,809,1674,252,3,1,0,1,0,0,0,13,9,1,100,1808,14
2009,PORTALEGRE,306,,,,,9,29,104,141,272,32,2,0,0,0,0,0,19,97,6,0,117,67,0
2009,PORTO,6959,,,,,3689,5472,30,9191,6069,800,44,27,8,7,4,0,0,74,120,34,224,6507,54
2009,SANTAR텘,844,,,,,103,71,102,276,744,99,1,0,0,0,0,0,2,82,213,0,32,515,12
2009,SET２AL,956,,,,,249,138,61,448,877,72,4,2,0,1,0,0,0,55,6,1,115,779,8
2009,VIANA DO CASTELO,2059,,,,,1089,4767,8,5864,1544,422,34,33,18,8,0,0,0,793,869,359,38,0,26
2009,VILA REAL,2703,,,,,4490,13560,186,18236,1459,1073,60,46,27,33,3,2,2,667,444,45,66,1479,52
2009,VISEU,2649,,,,,1638,7040,0,8678,1906,653,33,28,13,14,2,0,22,1050,924,227,421,5,53
2010,AVEIRO,2871,,,,,5828,2470,5,8303,2689,139,10,14,6,8,2,3,1,95,125,231,2007,412,37
2010,BEJA,352,,,,,180,49,565,795,262,75,5,9,0,1,0,0,4,74,6,6,68,194,4
2010,BRAGA,2564,,,,,3991,10404,51,14446,1999,439,38,43,27,12,4,2,1,215,126,214,262,1746,35
2010,BRAGAN큐,572,,,,,1114,3656,200,4970,364,165,14,16,6,5,1,1,1,155,49,10,50,307,13
2010,CASTELO BRANCO,508,,,,,437,1055,397,1888,430,60,4,6,5,3,0,0,15,76,42,10,364,1,19
2010,COIMBRA,851,,,,,957,529,44,1530,775,63,7,3,1,1,1,0,17,220,178,70,214,152,19
2010,텠ORA,352,,,,,317,156,601,1073,263,68,10,8,0,3,0,0,2,83,2,12,167,86,8
2010,FARO,376,,,,,27,78,84,188,345,28,1,1,1,0,0,0,0,56,1,0,119,200,6
2010,GUARDA,824,,,,,8260,17218,5637,31116,520,248,12,12,7,14,3,8,20,545,82,41,115,21,38
2010,LEIRIA,787,,,,,422,825,29,1277,741,40,2,2,0,1,1,0,7,373,60,43,301,3,10
2010,LISBOA,1883,,,,,58,765,121,945,1658,213,8,1,3,0,0,0,0,57,20,3,1666,137,24
2010,PORTALEGRE,296,,,,,192,26,320,537,247,40,3,3,2,1,0,0,4,95,7,3,150,37,3
2010,PORTO,6221,,,,,3419,5133,69,8621,5650,475,37,29,15,13,2,0,1,189,144,600,920,4367,69
2010,SANTAR텘,878,,,,,806,393,164,1364,764,103,2,4,3,1,1,0,1,141,187,10,49,490,20
2010,SET２AL,943,,,,,1755,506,91,2353,854,80,3,3,2,0,0,1,0,84,15,8,124,712,14
2010,VIANA DO CASTELO,2269,,,,,6384,17492,22,23899,1527,550,63,61,25,32,7,4,4,545,856,856,8,0,63
2010,VILA REAL,1388,,,,,6598,11860,293,18751,965,342,16,24,11,24,3,3,14,454,243,186,70,421,45
2010,VISEU,2178,,,,,5307,13586,5,18897,1715,393,17,13,15,17,3,5,21,704,702,419,320,12,48
2011,AVEIRO,3096,,,,,2096,579,7,2682,2918,143,11,14,8,1,1,0,2,692,180,1077,1112,33,20
2011,BEJA,359,,,,,163,58,701,922,248,90,8,10,3,0,0,0,3,101,11,7,161,76,4
2011,BRAGA,3476,,,,,2547,4949,52,7548,2694,654,55,43,19,10,1,0,1,275,325,572,170,2133,54
2011,BRAGAN큐,1080,,,,,1081,10055,298,11435,586,374,52,29,20,16,0,3,2,466,67,35,72,438,33
2011,CASTELO BRANCO,496,,,,,1346,1810,598,3754,423,57,3,5,3,3,1,1,10,116,118,6,231,15,20
2011,COIMBRA,987,,,,,443,145,23,611,916,61,0,8,2,0,0,0,14,445,245,31,199,53,11
2011,텠ORA,216,,,,,490,0,277,768,168,36,5,3,2,2,0,0,0,87,9,0,91,29,3
2011,FARO,441,,,,,19,100,49,168,378,62,1,0,0,0,0,0,0,76,3,2,129,231,3
2011,GUARDA,862,,,,,1724,9544,1535,12803,477,274,28,35,21,23,3,1,9,565,132,39,103,14,48
2011,LEIRIA,933,,,,,901,1199,45,2145,833,86,3,6,1,3,1,0,3,303,43,68,467,49,17
2011,LISBOA,2213,,,,,190,1146,268,1603,1882,308,14,6,3,0,0,0,0,223,29,10,1692,259,22
2011,PORTALEGRE,308,,,,,89,75,283,447,255,44,3,4,2,0,0,0,4,99,12,1,164,28,1
2011,PORTO,6691,,,,,2113,2657,32,4802,6016,621,24,17,6,7,0,0,1,1093,496,912,617,3572,54
2011,SANTAR텘,873,,,,,240,185,265,691,778,84,4,5,1,1,0,0,1,194,208,14,201,255,29
2011,SET２AL,888,,,,,100,111,81,292,825,59,2,2,0,0,0,0,0,135,26,10,372,345,6
2011,VIANA DO CASTELO,2428,,,,,2303,2474,46,4822,1864,488,35,26,7,8,0,0,3,521,579,538,21,766,30
2011,VILA REAL,2092,,,,,2453,11805,30,14288,1236,738,41,34,19,16,7,1,14,828,349,177,53,671,39
2011,VISEU,2343,,,,,1739,5585,1,7325,1844,423,30,20,15,7,4,0,22,857,713,237,496,18,38
2012,AVEIRO,2325,,,,,2327,363,5,2695,2143,151,18,8,1,3,1,0,0,581,165,640,923,16,1
2012,BEJA,324,,,,,721,74,420,1215,251,64,4,3,0,1,1,0,1,91,26,1,152,53,0
2012,BRAGA,2333,,,,,4315,4615,20,8950,1766,440,56,38,16,16,0,1,3,615,362,309,304,740,4
2012,BRAGAN큐,1104,,,,,2641,12183,300,15123,574,391,53,40,18,22,5,1,4,534,42,3,113,408,5
2012,CASTELO BRANCO,572,,,,,1231,785,139,2156,487,64,7,6,2,6,0,0,5,188,87,6,279,7,1
2012,COIMBRA,1119,,,,,5926,1153,11,7090,1007,84,3,8,5,9,3,0,4,478,297,47,221,72,3
2012,텠ORA,369,,,,,338,3,243,584,320,41,2,4,1,1,0,0,0,98,3,2,263,3,0
2012,FARO,574,,,,,6360,15823,3425,25607,518,50,1,1,2,1,0,1,0,132,20,3,119,300,1
2012,GUARDA,766,,,,,4562,4655,479,9696,375,284,35,42,18,10,0,2,8,490,159,24,84,1,4
2012,LEIRIA,1033,,,,,1734,727,50,2511,904,109,4,6,3,5,2,0,2,326,134,103,467,1,2
2012,LISBOA,1946,,,,,601,1104,186,1891,1639,288,5,9,2,3,0,0,0,212,10,17,1193,514,1
2012,PORTALEGRE,313,,,,,1157,19,111,1287,274,33,0,4,1,0,1,0,0,132,23,2,127,29,0
2012,PORTO,5125,,,,,1879,1785,30,3693,4658,408,25,25,4,5,0,0,0,1046,435,441,327,2876,1
2012,SANTAR텘,1138,,,,,4903,2901,2963,10767,999,123,5,3,2,3,0,3,0,336,313,6,343,140,3
2012,SET２AL,981,,,,,204,154,63,420,930,44,3,3,0,1,0,0,0,166,27,7,313,468,0
2012,VIANA DO CASTELO,1331,,,,,796,1929,17,2743,983,291,28,21,7,1,0,0,1,431,483,146,84,186,1
2012,VILA REAL,1827,,,,,2742,4234,170,7146,1129,612,25,35,13,11,2,0,11,627,451,194,67,477,0
2012,VISEU,2172,,,,,5585,8806,18,14409,1669,416,26,25,13,19,1,3,19,776,587,341,447,2,11
2013,AVEIRO,1615,,,,,3856,760,14,4630,1458,123,11,14,2,6,1,0,4,213,158,312,872,56,8
2013,BEJA,406,,,,,460,116,2247,2824,280,94,12,12,1,7,0,0,2,133,30,1,170,70,0
2013,BRAGA,2299,,,,,4083,7939,58,12080,1631,506,51,56,26,29,0,0,1,439,514,317,405,623,7
2013,BRAGAN큐,505,,,,,5106,17986,1205,24297,300,154,11,15,8,12,3,2,9,211,59,21,104,101,6
2013,CASTELO BRANCO,471,,,,,1616,1503,655,3775,405,44,7,7,5,0,2,1,10,135,154,3,165,4,1
2013,COIMBRA,857,,,,,2037,1147,5,3189,809,35,3,2,2,4,1,1,12,313,308,36,166,22,0
2013,텠ORA,198,,,,,237,49,445,731,134,52,3,6,2,1,0,0,1,83,7,0,107,0,0
2013,FARO,453,,,,,18,510,54,582,419,32,1,0,0,1,0,0,1,231,26,1,194,0,0
2013,GUARDA,576,,,,,3378,8499,1617,13494,338,178,20,16,8,9,3,4,17,310,125,35,89,0,6
2013,LEIRIA,717,,,,,498,1831,49,2378,654,52,0,5,2,3,0,1,0,312,107,25,272,1,1
2013,LISBOA,1726,,,,,132,702,124,959,1512,206,5,1,1,1,0,0,0,58,6,5,886,771,0
2013,PORTALEGRE,256,,,,,694,94,841,1629,206,35,6,1,3,4,1,0,0,112,34,0,90,20,0
2013,PORTO,6231,,,,,5924,8163,99,14186,5500,593,48,44,18,23,4,1,2,1542,467,585,636,2999,15
2013,SANTAR텘,828,,,,,484,151,161,795,748,71,2,4,1,2,0,0,3,293,295,10,226,1,0
2013,SET２AL,897,,,,,240,240,114,594,835,55,4,0,2,1,0,0,0,157,22,15,471,232,2
2013,VIANA DO CASTELO,1882,,,,,3348,8911,4,12262,1377,412,27,33,7,19,6,1,0,632,754,455,37,4,17
2013,VILA REAL,1281,,,,,9449,13760,248,23457,833,376,18,19,8,15,6,6,9,340,290,192,56,394,10
2013,VISEU,1931,,,,,14102,24295,129,38527,1477,330,30,32,18,29,3,12,15,433,630,403,450,0,28
2014,AVEIRO,591,,,,,90,223,9,322,560,25,4,1,0,1,0,0,0,114,108,29,340,0,0
2014,BEJA,310,,,,,569,26,731,1326,211,75,9,9,5,1,0,0,3,161,80,0,61,5,0
2014,BRAGA,656,,,,,390,377,2,769,549,93,7,4,2,1,0,0,0,206,150,80,168,52,0
2014,BRAGAN큐,414,,,,,248,2026,74,2349,282,100,6,16,4,6,0,0,7,287,59,9,46,6,1
2014,CASTELO BRANCO,272,,,,,155,149,83,387,235,29,2,5,1,0,0,0,8,130,79,1,52,2,0
2014,COIMBRA,368,,,,,1168,134,9,1311,342,21,2,1,1,0,0,1,1,174,119,11,61,2,0
2014,텠ORA,179,,,,,406,0,243,649,124,40,9,3,3,0,0,0,0,75,2,2,100,0,0
2014,FARO,345,,,,,199,557,93,848,304,36,1,1,1,2,0,0,1,209,14,6,115,0,0
2014,GUARDA,424,,,,,1315,3972,472,5759,256,123,11,15,12,6,0,1,8,202,96,15,98,5,2
2014,LEIRIA,444,,,,,50,34,19,104,417,26,1,0,0,0,0,0,5,194,46,12,186,1,0
2014,LISBOA,995,,,,,34,243,29,306,924,67,1,3,0,0,0,0,0,19,3,4,844,125,0
2014,PORTALEGRE,208,,,,,1579,910,875,3364,159,41,4,1,1,1,0,1,4,128,25,1,50,0,0
2014,PORTO,1503,,,,,939,420,4,1363,1435,62,2,2,1,0,1,0,0,270,137,43,105,948,2
2014,SANTAR텘,598,,,,,132,117,101,350,548,46,3,0,0,1,0,0,4,235,140,6,212,1,0
2014,SET２AL,568,,,,,163,197,75,435,528,33,0,5,2,0,0,0,1,110,31,6,327,93,0
2014,VIANA DO CASTELO,382,,,,,487,394,2,883,314,58,2,6,0,2,0,0,0,178,165,36,0,3,0
2014,VILA REAL,504,,,,,476,601,145,1222,344,149,5,3,1,2,0,0,3,287,161,15,20,18,0
2014,VISEU,627,,,,,324,748,0,1072,537,76,6,4,1,3,0,0,4,274,200,43,105,1,0
2015,AVEIRO,1222,,,,,2912,586,23,3521,1133,73,4,4,2,5,0,1,3,314,145,91,669,0,5
2015,BEJA,338,,,,,1147,35,752,1934,247,69,9,6,3,3,1,0,11,115,75,1,135,1,1
2015,BRAGA,2049,,,,,2555,4595,25,7174,1434,503,49,31,21,10,1,0,2,298,355,255,590,549,3
2015,BRAGAN큐,686,,,,,938,4326,36,5300,430,177,35,30,4,7,3,0,32,343,129,53,125,4,0
2015,CASTELO BRANCO,544,,,,,1488,1329,296,3113,451,58,11,14,6,2,2,0,15,233,130,0,159,7,1
2015,COIMBRA,614,,,,,1407,302,30,1738,554,48,2,4,1,4,1,0,16,306,139,30,100,23,2
2015,텠ORA,250,,,,,857,129,536,1522,184,47,8,9,0,1,1,0,1,111,2,1,135,0,0
2015,FARO,405,,,,,6,421,51,478,377,23,2,0,2,1,0,0,2,190,33,3,161,16,0
2015,GUARDA,556,,,,,1860,10102,895,12858,346,157,20,15,5,8,2,3,34,285,84,41,111,1,3
2015,LEIRIA,856,,,,,837,191,51,1078,779,70,2,2,1,1,1,0,1,334,100,38,369,14,0
2015,LISBOA,1676,,,,,153,829,89,1071,1437,219,13,6,1,0,0,0,0,36,2,3,944,691,1
2015,PORTALEGRE,316,,,,,149,56,303,508,253,52,5,4,1,1,0,0,3,197,41,3,72,0,0
2015,PORTO,3994,,,,,1239,1288,19,2546,3614,341,16,17,3,3,0,0,0,746,301,506,774,1667,1
2015,SANTAR텘,1059,,,,,1467,800,442,2709,955,87,4,8,2,2,0,1,9,482,345,26,187,10,1
2015,SET２AL,1023,,,,,143,151,129,424,954,60,5,4,0,0,0,0,0,184,42,9,535,253,1
2015,VIANA DO CASTELO,1321,,,,,3801,5287,13,9100,970,292,20,18,9,9,0,3,0,461,622,229,2,7,4
2015,VILA REAL,1316,,,,,1320,4120,141,5581,794,455,26,19,10,12,0,0,11,706,358,56,40,145,3
2015,VISEU,1418,,,,,1264,5283,0,6547,1088,277,22,13,6,8,4,0,16,512,412,190,284,4,3
2016,AVEIRO,898,,,,,33674,8458,86,42218,791,72,12,5,2,8,2,6,0,103,96,110,589,0,10
2016,BEJA,242,,,,,415,2,464,881,175,48,9,6,3,1,0,0,2,87,47,1,105,0,0
2016,BRAGA,1759,,,,,6535,8188,41,14764,1269,381,35,35,11,24,1,3,3,162,298,236,555,505,4
2016,BRAGAN큐,449,,,,,1998,5193,908,8099,295,124,12,3,6,8,0,1,11,187,91,41,119,0,0
2016,CASTELO BRANCO,390,,,,,1863,631,864,3359,347,28,6,3,1,3,1,1,10,114,171,0,94,1,0
2016,COIMBRA,456,,,,,665,1419,13,2096,427,21,0,1,4,2,0,1,12,194,171,28,51,0,1
2016,텠ORA,202,,,,,282,0,230,512,153,38,7,2,0,2,0,0,2,64,1,3,132,0,0
2016,FARO,274,,,,,2767,2966,67,5800,252,15,3,1,0,1,0,2,0,131,31,2,109,1,2
2016,GUARDA,439,,,,,3224,8648,2631,14503,270,98,17,13,11,20,8,2,14,190,106,30,97,2,9
2016,LEIRIA,584,,,,,897,300,24,1221,540,39,1,1,0,2,1,0,4,97,105,12,366,0,2
2016,LISBOA,1080,,,,,77,517,77,671,914,151,12,2,1,0,0,0,0,46,6,2,633,393,0
2016,PORTALEGRE,237,,,,,930,52,631,1613,184,37,5,5,3,2,1,0,2,154,34,0,46,1,0
2016,PORTO,4285,,,,,4357,8703,76,13135,3730,416,48,38,23,26,4,0,0,855,59,370,986,2015,6
2016,SANTAR텘,790,,,,,3492,396,177,4065,699,75,7,5,1,1,1,1,3,354,260,13,148,12,1
2016,SET２AL,804,,,,,226,146,109,480,752,45,3,2,1,1,0,0,0,91,36,10,320,347,0
2016,VIANA DO CASTELO,1109,,,,,10534,20663,126,31323,827,209,16,11,18,19,3,6,2,353,432,307,10,5,17
2016,VILA REAL,972,,,,,3381,8965,90,12436,586,317,16,20,12,16,3,2,5,505,315,57,61,29,8
2016,VISEU,1134,,,,,2176,8448,7,10631,834,205,31,28,15,15,6,0,5,355,310,162,301,1,16
2017,AVEIRO,1661,11888,4306,841,17035,,,,,1548,85,8,6,3,9,0,2,1,205,115,144,1192,4,4
2017,BEJA,356,1026,19,1016,2061,,,,,232,88,11,13,8,4,0,0,5,154,27,2,168,0,0
2017,BRAGA,2019,5180,6325,52,11558,,,,,1448,448,42,45,15,18,0,3,2,363,380,286,617,371,6
2017,BRAGAN큐,854,2430,19881,1998,24308,,,,,508,249,38,18,14,15,4,8,23,469,93,65,196,8,6
2017,CASTELO BRANCO,636,40470,17722,4434,62626,,,,,528,71,4,6,6,6,4,11,11,264,215,0,142,4,15
2017,COIMBRA,741,93964,25750,6277,125990,,,,,668,43,6,2,6,6,2,8,4,251,312,87,68,19,14
2017,텠ORA,285,449,1,1351,1800,,,,,215,51,4,5,4,6,0,0,7,99,2,6,171,0,0
2017,FARO,394,142,114,44,300,,,,,359,31,2,1,0,1,0,0,1,169,33,3,188,0,0
2017,GUARDA,639,31059,32321,10182,73563,,,,,407,133,22,23,12,23,6,13,6,340,115,39,138,1,14
2017,LEIRIA,880,46360,1797,522,48679,,,,,796,64,6,2,2,5,0,5,2,138,141,44,548,7,10
2017,LISBOA,1273,268,1125,96,1490,,,,,1058,187,13,12,0,3,0,0,2,89,6,4,839,333,2
2017,PORTALEGRE,344,6220,4646,2230,13096,,,,,270,59,5,5,1,3,0,1,28,217,44,4,51,0,0
2017,PORTO,4729,2890,5317,44,8251,,,,,4199,434,32,34,16,13,1,0,2,245,78,488,1412,2504,5
2017,SANTAR텘,1033,28385,10198,3371,41954,,,,,880,120,11,8,3,7,2,2,7,415,398,36,131,46,8
2017,SET２AL,719,2632,240,118,2990,,,,,656,53,4,4,0,1,0,1,0,89,7,0,300,323,1
2017,VIANA DO CASTELO,1163,2420,6472,35,8927,,,,,857,234,29,24,7,9,2,1,0,441,481,214,27,0,4
2017,VILA REAL,1423,6655,11603,868,19126,,,,,867,435,40,30,21,24,4,2,8,743,448,96,69,59,13
2017,VISEU,1857,47077,22748,6341,76165,,,,,1440,297,34,31,17,25,7,6,25,588,544,240,404,56,23
2018,AVEIRO,1122,193,212,9,414,,,,,1064,52,3,2,1,0,0,0,0,278,22,79,739,4,1
2018,BEJA,235,824,203,426,1453,,,,,182,42,7,2,1,0,1,0,4,87,55,0,89,0,0
2018,BRAGA,1293,1281,1900,10,3190,,,,,1014,226,19,26,3,5,0,0,0,337,130,139,591,96,3
2018,BRAGAN큐,544,185,1779,69,2032,,,,,368,152,9,9,3,2,1,0,24,286,74,35,120,5,0
2018,CASTELO BRANCO,424,212,345,74,631,,,,,379,36,4,5,0,0,0,0,23,237,112,2,50,0,0
2018,COIMBRA,266,26,22,6,54,,,,,254,12,0,0,0,0,0,0,3,141,74,5,35,8,0
2018,텠ORA,159,4,13,283,300,,,,,129,23,5,0,2,0,0,0,7,51,0,0,101,0,0
2018,FARO,354,15811,10003,1180,26994,,,,,334,14,2,1,1,1,0,1,1,196,29,1,127,0,1
2018,GUARDA,248,447,1077,368,1891,,,,,174,52,8,8,3,2,1,0,18,136,23,14,57,0,1
2018,LEIRIA,351,23,14,20,58,,,,,339,12,0,0,0,0,0,0,0,119,77,7,147,1,0
2018,LISBOA,995,71,515,104,690,,,,,908,85,1,0,0,1,0,0,0,81,8,5,535,366,1
2018,PORTALEGRE,227,492,18,347,857,,,,,192,25,4,1,2,3,0,0,15,144,20,1,43,4,0
2018,PORTO,2427,400,535,12,948,,,,,2290,127,6,2,1,1,0,0,0,235,32,194,667,1299,1
2018,SANTAR텘,640,896,142,98,1136,,,,,590,43,2,2,1,2,0,0,3,370,191,7,68,1,1
2018,SET２AL,400,110,53,106,269,,,,,371,27,1,0,0,1,0,0,1,90,1,0,157,151,0
2018,VIANA DO CASTELO,893,439,1082,5,1526,,,,,724,134,22,7,4,2,0,0,0,440,233,129,53,38,1
2018,VILA REAL,740,279,971,34,1285,,,,,587,136,10,6,0,1,0,0,13,446,162,39,62,18,0
2018,VISEU,955,249,601,0,850,,,,,836,104,7,7,1,0,0,0,23,533,157,66,172,4,0
2019,AVEIRO,817,2734,142,35,2911,,,,,770,34,3,1,3,4,1,1,1,242,78,105,389,2,3
2019,BEJA,385,736,415,1340,2492,,,,,262,89,13,10,7,3,1,0,5,150,110,2,117,1,0
2019,BRAGA,917,1116,993,30,2139,,,,,717,155,18,21,2,4,0,0,3,253,253,91,300,17,0
2019,BRAGAN큐,342,584,1451,105,2140,,,,,217,89,16,10,4,6,0,0,21,145,94,14,63,5,0
2019,CASTELO BRANCO,458,4530,1514,502,6545,,,,,385,57,1,4,3,6,1,1,25,172,155,0,106,0,5
2019,COIMBRA,314,565,63,19,647,,,,,303,9,0,1,0,0,1,0,10,150,114,10,29,1,1
2019,텠ORA,312,628,188,416,1232,,,,,236,54,10,6,4,2,0,0,1,90,2,9,210,0,0
2019,FARO,417,255,217,92,564,,,,,369,43,1,2,0,2,0,0,0,208,64,1,144,0,0
2019,GUARDA,291,631,1222,642,2495,,,,,192,68,7,11,8,4,1,0,20,173,41,8,49,0,0
2019,LEIRIA,480,278,126,29,433,,,,,440,31,2,5,2,0,0,0,2,134,193,29,122,0,0
2019,LISBOA,896,375,390,91,855,,,,,775,108,6,4,1,2,0,0,1,74,16,2,588,215,0
2019,PORTALEGRE,289,428,592,301,1322,,,,,231,43,7,5,2,0,1,0,1,221,21,5,40,1,0
2019,PORTO,1842,1349,1436,65,2851,,,,,1729,84,12,8,5,2,2,0,1,188,2,135,914,602,1
2019,SANTAR텘,703,4604,1516,620,6741,,,,,632,56,5,7,1,1,1,0,2,345,223,12,121,0,2
2019,SET２AL,398,161,84,170,415,,,,,338,54,1,4,1,0,0,0,2,109,4,3,231,49,0
2019,VIANA DO CASTELO,556,657,1346,4,2007,,,,,446,73,14,16,4,2,1,0,1,238,168,113,36,0,1
2019,VILA REAL,639,1116,1803,279,3198,,,,,475,121,20,13,5,3,2,0,18,369,172,18,38,24,2
2019,VISEU,776,684,2414,0,3097,,,,,662,86,8,10,3,6,1,0,32,358,267,38,81,0,5
2020,AVEIRO,653,1512,761,42,2315,,,,,614,27,4,5,2,0,1,0,0,187,96,45,325,0,2
2020,BEJA,247,114,13,2725,2853,,,,,190,48,4,2,1,1,0,1,0,111,65,0,71,0,0
2020,BRAGA,969,1343,2011,73,3427,,,,,769,150,15,23,6,5,1,0,1,218,371,93,286,0,3
2020,BRAGAN큐,263,728,5685,269,6682,,,,,175,64,6,6,4,5,1,2,14,121,43,14,54,17,0
2020,CASTELO BRANCO,305,18470,4764,1130,24364,,,,,256,33,3,3,2,3,2,3,28,85,100,0,91,1,7
2020,COIMBRA,230,191,37,11,239,,,,,213,15,1,0,0,1,0,0,4,102,95,5,24,0,0
2020,텠ORA,167,52,44,161,257,,,,,136,22,4,5,0,0,0,0,2,51,2,0,112,0,0
2020,FARO,209,2053,793,90,2936,,,,,190,16,0,1,0,0,1,1,0,101,35,0,73,0,1
2020,GUARDA,300,483,1249,623,2355,,,,,210,66,8,5,5,5,1,0,17,178,63,10,32,0,10
2020,LEIRIA,353,208,1423,54,1685,,,,,340,9,1,1,0,0,1,1,2,108,177,18,48,0,2
2020,LISBOA,586,64,217,40,320,,,,,517,64,3,1,1,0,0,0,2,44,8,0,485,47,0
2020,PORTALEGRE,189,847,522,159,1528,,,,,150,30,2,4,1,1,1,0,9,140,19,1,20,0,1
2020,PORTO,2469,1152,1136,27,2314,,,,,2283,149,25,6,2,4,0,0,1,106,120,169,1272,801,0
2020,SANTAR텘,586,496,304,100,900,,,,,519,52,5,6,3,1,0,0,10,243,218,17,98,0,0
2020,SET２AL,338,51,49,36,137,,,,,306,30,1,1,0,0,0,0,4,90,7,3,205,29,0
2020,VIANA DO CASTELO,606,826,2626,25,3477,,,,,470,92,16,13,7,8,0,0,0,222,268,91,25,0,7
2020,VILA REAL,572,1738,3424,829,5991,,,,,427,108,9,15,4,7,1,1,10,332,163,30,25,12,4
2020,VISEU,577,1397,3896,96,5389,,,,,493,59,8,6,4,4,1,2,13,299,189,29,47,0,4
2021,AVEIRO,639,128,379,11,518,,,,,592,40,3,2,1,1,0,0,2,295,149,19,174,0,0
2021,BEJA,306,1111,64,547,1722,,,,,221,73,5,3,2,1,1,0,4,145,56,0,101,0,1
2021,BRAGA,740,678,1609,22,2309,,,,,539,146,28,19,6,2,0,0,3,354,197,47,138,1,0
2021,BRAGAN큐,218,111,1171,65,1347,,,,,146,60,2,4,3,3,0,0,7,124,34,5,47,1,0
2021,CASTELO BRANCO,241,122,43,49,215,,,,,207,28,2,4,0,0,0,0,14,98,69,0,57,3,9
2021,COIMBRA,155,7,8,10,25,,,,,149,6,0,0,0,0,0,0,10,71,53,2,19,0,0
2021,텠ORA,213,246,142,531,919,,,,,135,55,8,11,3,1,0,0,3,106,7,3,94,0,2
2021,FARO,299,3207,4893,1177,9277,,,,,277,13,3,0,1,3,0,2,0,178,40,1,80,0,3
2021,GUARDA,217,569,781,190,1540,,,,,155,47,6,6,0,3,0,0,18,135,39,3,20,2,4
2021,LEIRIA,201,22,17,11,49,,,,,187,14,0,0,0,0,0,0,1,112,64,3,21,0,0
2021,LISBOA,722,57,227,20,304,,,,,652,64,5,0,1,0,0,0,0,54,4,1,525,138,0
2021,PORTALEGRE,192,375,101,164,640,,,,,141,40,6,3,0,2,0,0,6,149,11,1,25,0,0
2021,PORTO,1359,383,568,18,969,,,,,1243,99,7,8,2,0,0,0,10,157,48,45,1007,92,0
2021,SANTAR텘,486,178,136,57,371,,,,,435,45,3,2,1,0,0,0,6,274,127,3,76,0,1
2021,SET２AL,492,31,80,139,250,,,,,451,36,3,2,0,0,0,0,1,163,18,4,306,0,0
2021,VIANA DO CASTELO,563,248,1888,3,2139,,,,,411,108,17,18,6,3,0,0,3,330,161,33,33,3,0
2021,VILA REAL,616,540,3508,9,4057,,,,,411,127,24,27,20,7,0,0,12,418,133,27,20,6,1
2021,VISEU,527,144,1556,9,1708,,,,,420,77,14,8,6,2,0,0,16,341,96,8,66,0,0
